{
  "LICENSE": "7d5b03b556811d959a94d9336ba04fe5",
  "README.md": "15d42608538dc99bc06f94ebfebff79b",
  "Rakefile": "7e3122d48e7d062870e9ba86ec295978",
  "files/osi_puppetdb_running.py": "205bdd861818a7f704d3aa403720fe8b",
  "manifests/init.pp": "f02b182867b580ec77a086479000afd0",
  "manifests/installcluster.pp": "833621777fada07b86d8497b8d7bd19d",
  "manifests/invfile.pp": "72e9191918fc083f284ff967626e79f8",
  "manifests/params.pp": "44a989aa0594c35624fa475176aca04b",
  "metadata.json": "7daf3bf3205860ed856b4d38f9bb7a5a",
  "spec/classes/openshiftinstaller_spec.rb": "f813df9f7be41e7f2c581a9cc4d1eb62",
  "spec/defines/invfile_spec.rb": "030f913266219b30eff679f3ed76b9f5",
  "spec/spec_helper.rb": "eac16f5a53a7c8d54cb1e849e5f8c185",
  "templates/inventory_file.erb": "a453a875fc65c8667840643850db05d4"
}