{
  "name": "flypenguin-openshiftinstaller",
  "version": "2.3.0",
  "author": "Axel Bock <axel.bock@amadeus.com>",
  "summary": "Installs openshift cluster using the official ansible installer from Redhat. Cluster nodes are collected by querying the puppetdb.",
  "license": "MIT",
  "source": "https://github.com/flypenguin/puppet-openshiftinstaller.git",
  "project_page": "https://github.com/flypenguin/puppet-openshiftinstaller",
  "issues_url": "https://github.com/flypenguin/puppet-openshiftinstaller/issues",
  "tags": [
    "openshift"
  ],
  "dependencies": [
    {"name":"dalen/puppetdbquery","version_requirement":">=1.5.3"},
    {"name":"puppetlabs/stdlib","version_requirement":">=4.0.0"},
    {"name":"nvogel/ansible","version_requirement":">=3.0.0"}
  ]
}
